{
  "Name": "DemoXClick",
  "CreationDate": "2021-1-30",
  "Commands": [
    {
      "Command": "store",
      "Target": "fast",
      "Value": "!replayspeed"
    },
    {
      "Command": "open",
      "Target": "https://ui.vision/demo/draw",
      "Value": ""
    },
    {
      "Command": "click",
      "Target": "linkText=this link",
      "Value": ""
    },
    {
      "Command": "XClick",
      "Target": "draw_plus_dpi_96.png",
      "Value": ""
    },
    {
      "Command": "XClick",
      "Target": "draw_create_dpi_96.png",
      "Value": ""
    },
    {
      "Command": "comment",
      "Target": "We use a relative click, since the pencil icon can be yellow or dark",
      "Value": ""
    },
    {
      "Command": "XClickRelative",
      "Target": "draw_icon_dpi_96.png",
      "Value": ""
    },
    {
      "Command": "comment",
      "Target": "Verify that the pencil icon is active (yellow)",
      "Value": ""
    },
    {
      "Command": "visualGetPixelColor",
      "Target": "${!imagex},${!imagey}",
      "Value": "color"
    },
    {
      "Command": "echo",
      "Target": "Pencil button color is ${color}",
      "Value": "${color}"
    },
    {
      "Command": "if_v2",
      "Target": "${color}.includes (\"f4\") == false",
      "Value": ""
    },
    {
      "Command": "throwError",
      "Target": "Pencil icon not active (should not happen)",
      "Value": ""
    },
    {
      "Command": "end",
      "Target": "",
      "Value": ""
    },
    {
      "Command": "comment",
      "Target": "Set start position for square (= middle of the pink box)",
      "Value": ""
    },
    {
      "Command": "XClickRelative",
      "Target": "draw_start_dpi_96.png",
      "Value": ""
    },
    {
      "Command": "echo",
      "Target": "Starting point: x=${!imagex} y=${!imagey}",
      "Value": "green"
    },
    {
      "Command": "store",
      "Target": "${!imagex}",
      "Value": "x"
    },
    {
      "Command": "store",
      "Target": "${!imagey}",
      "Value": "y"
    },
    {
      "Command": "comment",
      "Target": "Draw top line --->",
      "Value": ""
    },
    {
      "Command": "XMove",
      "Target": "${x},${y}",
      "Value": "#down"
    },
    {
      "Command": "executeScript_Sandbox",
      "Target": "return Number (${x}) +100",
      "Value": "x"
    },
    {
      "Command": "XMove",
      "Target": "${x},${y}",
      "Value": "#move"
    },
    {
      "Command": "XMove",
      "Target": "${x},${y}",
      "Value": "#up"
    },
    {
      "Command": "comment",
      "Target": "Draw right line down",
      "Value": ""
    },
    {
      "Command": "XMove",
      "Target": "${x},${y}",
      "Value": "#down"
    },
    {
      "Command": "executeScript_Sandbox",
      "Target": "return Number (${y}) +100",
      "Value": "y"
    },
    {
      "Command": "XMove",
      "Target": "${x},${y}",
      "Value": "#move"
    },
    {
      "Command": "XMove",
      "Target": "${x},${y}",
      "Value": "#up"
    },
    {
      "Command": "comment",
      "Target": "Draw bottom line <---",
      "Value": ""
    },
    {
      "Command": "XMove",
      "Target": "${x},${y}",
      "Value": "#down"
    },
    {
      "Command": "executeScript_Sandbox",
      "Target": "return Number (${x}) - 100",
      "Value": "x"
    },
    {
      "Command": "XMove",
      "Target": "${x},${y}",
      "Value": "#move"
    },
    {
      "Command": "XMove",
      "Target": "${x},${y}",
      "Value": "#up"
    },
    {
      "Command": "comment",
      "Target": "Draw left line up",
      "Value": ""
    },
    {
      "Command": "XMove",
      "Target": "${x},${y}",
      "Value": "#down"
    },
    {
      "Command": "executeScript_Sandbox",
      "Target": "return Number (${y}) - 100",
      "Value": "y"
    },
    {
      "Command": "XMove",
      "Target": "${x},${y}",
      "Value": "#move"
    },
    {
      "Command": "XMove",
      "Target": "${x},${y}",
      "Value": "#up"
    },
    {
      "Command": "comment",
      "Target": "Check that the square was drawn ok",
      "Value": ""
    },
    {
      "Command": "visualVerify",
      "Target": "draw_compare_dpi_96.png",
      "Value": ""
    },
    {
      "Command": "comment",
      "Target": "Add some text...",
      "Value": ""
    },
    {
      "Command": "XClick",
      "Target": "draw_text_dpi_96.png",
      "Value": ""
    },
    {
      "Command": "comment",
      "Target": "Now click on the canvas. This is the place where the text starts.",
      "Value": ""
    },
    {
      "Command": "executeScript_Sandbox",
      "Target": "return Number (${y}) +180",
      "Value": "y"
    },
    {
      "Command": "XClick",
      "Target": "${x},${y}",
      "Value": ""
    },
    {
      "Command": "comment",
      "Target": "Send keystrokes, and demo the use of the BACKSPACE special key.",
      "Value": ""
    },
    {
      "Command": "XType",
      "Target": "Deee${KEY_BACKSPACE}${KEY_BACKSPACE}mo completed.",
      "Value": ""
    },
    {
      "Command": "comment",
      "Target": "Click once more on the canvas to close text menu",
      "Value": ""
    },
    {
      "Command": "executeScript_Sandbox",
      "Target": "return Number (${y}) - 150",
      "Value": "y"
    },
    {
      "Command": "XClick",
      "Target": "${x},${y}",
      "Value": ""
    },
    {
      "Command": "echo",
      "Target": "DemoXClick completed",
      "Value": "#shownotification"
    }
  ]
}