{
  "Name": "DemoCsvSave",
  "CreationDate": "2021-1-30",
  "Commands": [
    {
      "Command": "store",
      "Target": "fast",
      "Value": "!replayspeed"
    },
    {
      "Command": "open",
      "Target": "https://ui.vision/demo/csvsave",
      "Value": ""
    },
    {
      "Command": "executeScript_Sandbox",
      "Target": "var d = new Date(); m = d.getFullYear()+\"-\"+(d.getMonth()+1)+\"-\"+ d.getDate()+\" \"+ d.getHours()+\":\" + d.getMinutes() + \":\" + d.getSeconds(); return m",
      "Value": "timestamp"
    },
    {
      "Command": "store",
      "Target": "${timestamp}",
      "Value": "!csvLine"
    },
    {
      "Command": "echo",
      "Target": "First column in the CSV is time (${timestamp})",
      "Value": ""
    },
    {
      "Command": "echo",
      "Target": "Set i = 1 as we start the extraction with the 2nd table cell.",
      "Value": ""
    },
    {
      "Command": "store",
      "Target": "1",
      "Value": "i"
    },
    {
      "Command": "while_v2",
      "Target": "(${i} < 8)",
      "Value": ""
    },
    {
      "Command": "executeScript",
      "Target": "return Number (${i}) + 1",
      "Value": "i"
    },
    {
      "Command": "echo",
      "Target": "Current value of i = ${i}",
      "Value": "i"
    },
    {
      "Command": "storeText",
      "Target": "//*[@id=\"gcw_mainFNGP5XSu6\"]/div[2]/table/tbody/tr[2]/td[${i}]/a",
      "Value": "c2"
    },
    {
      "Command": "store",
      "Target": "${c2}",
      "Value": "!csvLine"
    },
    {
      "Command": "echo",
      "Target": "Extracted Value for i=${i} is exchange rate = ${c2}",
      "Value": ""
    },
    {
      "Command": "end",
      "Target": "",
      "Value": ""
    },
    {
      "Command": "echo",
      "Target": "${!csvLine}",
      "Value": ""
    },
    {
      "Command": "comment",
      "Target": "Append content of !csvLine to CSV file (or create file if none exists)",
      "Value": ""
    },
    {
      "Command": "csvSave",
      "Target": "CurrencyConverterData",
      "Value": ""
    },
    {
      "Command": "comment",
      "Target": "If needed, you can download (save) the CSV data from the CSV tab to the the download folder",
      "Value": ""
    },
    {
      "Command": "localStorageExport",
      "Target": "currencyconverterdata.csv",
      "Value": ""
    }
  ]
}