{
  "Name": "DemoIframe",
  "CreationDate": "2021-1-30",
  "Commands": [
    {
      "Command": "open",
      "Target": "https://ui.vision/demo/iframes",
      "Value": ""
    },
    {
      "Command": "click",
      "Target": "//*[@id=\"content\"]/div[2]/div/p[1]",
      "Value": ""
    },
    {
      "Command": "click",
      "Target": "//*[@id=\"content\"]/div[2]/div/h2[1]",
      "Value": ""
    },
    {
      "Command": "comment",
      "Target": "First iframe: Embedded Google Doc",
      "Value": ""
    },
    {
      "Command": "selectFrame",
      "Target": "index=0",
      "Value": ""
    },
    {
      "Command": "click",
      "Target": "//span[contains(text(),\"UI.Vision IDE\")]",
      "Value": ""
    },
    {
      "Command": "click",
      "Target": "//span[contains(text(),\"Web Testing\")]",
      "Value": ""
    },
    {
      "Command": "click",
      "Target": "//span[contains(text(),\"Form Autofilling\")]",
      "Value": ""
    },
    {
      "Command": "click",
      "Target": "//span[contains(text(),\"General Web Automation\")]",
      "Value": ""
    },
    {
      "Command": "clickAndWait",
      "Target": "css=span.quantumWizButtonPaperbuttonLabel.exportLabel",
      "Value": ""
    },
    {
      "Command": "type",
      "Target": "xpath=//input[@type='text']",
      "Value": "This is the iframe web automation test."
    },
    {
      "Command": "click",
      "Target": "xpath=//div[3]/div/div/div/span/span",
      "Value": ""
    },
    {
      "Command": "click",
      "Target": "xpath=//div[2]/span/span",
      "Value": ""
    },
    {
      "Command": "comment",
      "Target": "Back to main page (top frame)",
      "Value": ""
    },
    {
      "Command": "selectFrame",
      "Target": "relative=top",
      "Value": ""
    }
  ]
}