{
  "Name": "DemoDragDrop",
  "CreationDate": "2021-1-30",
  "Commands": [
    {
      "Command": "open",
      "Target": "https://ui.vision/demo/webtest/dragdrop/",
      "Value": ""
    },
    {
      "Command": "echo",
      "Target": "Reduce replay speed so we can better see what is going on...",
      "Value": ""
    },
    {
      "Command": "store",
      "Target": "medium",
      "Value": "!replayspeed"
    },
    {
      "Command": "dragAndDropToObject",
      "Target": "id=one",
      "Value": "id=bin"
    },
    {
      "Command": "dragAndDropToObject",
      "Target": "id=two",
      "Value": "id=bin"
    },
    {
      "Command": "dragAndDropToObject",
      "Target": "id=three",
      "Value": "id=bin"
    },
    {
      "Command": "dragAndDropToObject",
      "Target": "id=four",
      "Value": "id=bin"
    },
    {
      "Command": "dragAndDropToObject",
      "Target": "id=five",
      "Value": "id=bin"
    }
  ]
}