{
  "Name": "DemoTakeScreenshots",
  "CreationDate": "2021-1-30",
  "Commands": [
    {
      "Command": "open",
      "Target": "https://ui.vision/blog/",
      "Value": ""
    },
    {
      "Command": "captureEntirePageScreenshot",
      "Target": "rpablog",
      "Value": ""
    },
    {
      "Command": "clickAndWait",
      "Target": "linkText=read more@POS=1",
      "Value": ""
    },
    {
      "Command": "captureEntirePageScreenshot",
      "Target": "article1",
      "Value": ""
    },
    {
      "Command": "open",
      "Target": "https://ui.vision/blog/",
      "Value": ""
    },
    {
      "Command": "clickAndWait",
      "Target": "linkText=read more@POS=2",
      "Value": ""
    },
    {
      "Command": "captureEntirePageScreenshot",
      "Target": "article2",
      "Value": ""
    },
    {
      "Command": "captureScreenshot",
      "Target": "article2_just_viewport",
      "Value": ""
    },
    {
      "Command": "comment",
      "Target": "take screenshot of an _element_ with storeImage",
      "Value": ""
    },
    {
      "Command": "storeImage",
      "Target": "partialLinkText=Blog",
      "Value": "blogtitle"
    }
  ]
}