{
  "Name": "Sub_DemoCsvRead_FillForm",
  "CreationDate": "2021-1-30",
  "Commands": [
    {
      "Command": "comment",
      "Target": "Subroutine used by DemoCsvReadWithLoop and DemoCsvReadWithWhile",
      "Value": ""
    },
    {
      "Command": "echo",
      "Target": "Inside subroutine: Status = ${!csvReadStatus}, Line = ${!csvReadLineNumber}",
      "Value": "green"
    },
    {
      "Command": "open",
      "Target": "https://docs.google.com/forms/d/e/1FAIpQLScGWVjexH2FNzJqPACzuzBLlTWMJHgLUHjxehtU-2cJxtu6VQ/viewform",
      "Value": ""
    },
    {
      "Command": "type",
      "Target": "xpath=//input[@type='text']",
      "Value": "${!COL1}_${!csvReadLineNumber}"
    },
    {
      "Command": "type",
      "Target": "xpath=//div[3]/div/div/div[2]/div/div/div/div/input",
      "Value": "${!COL2}"
    },
    {
      "Command": "type",
      "Target": "xpath=//div[4]/div/div/div[2]/div/div/div/div/input",
      "Value": "${!COL3}"
    },
    {
      "Command": "clickAndWait",
      "Target": "xpath=//span/span",
      "Value": ""
    }
  ]
}